Rank,Title,Brand,Price GBP,Likes,Condition,URL
1,"Men’s Nike Therma-FIT Adv Running T-Shirt, Small, Charcoal",,24.0,141,,https://www.vinted.co.uk/items/9962899525-mens-nike-therma-fit-adv-running-t-shirt-small-charcoal
2,Adidas Woman Running T-shirt M,,12.99,69,,https://www.vinted.co.uk/items/9967590292-adidas-woman-running-t-shirt-m
3,New Balance Singlet Mens,,8.02,51,,https://www.vinted.co.uk/items/9969524402-new-balance-singlet-mens
4,Large Size Navy Blue 'Sunday Running Club' T-Shirt with White Printed Text,,11.0,41,,https://www.vinted.co.uk/items/9780007449-large-size-navy-blue-sunday-running-club-t-shirt-with-white-printed-text
5,Hugo boss waffle set size small,,25.0,37,,https://www.vinted.co.uk/items/10008422085-hugo-boss-waffle-set-size-small
6,Salomon Running Hiking Top,,20.0,28,,https://www.vinted.co.uk/items/10011585536-salomon-running-hiking-top
7,Adidas Running T-Shirt – Light Blue – Men’s M,,4.0,24,,https://www.vinted.co.uk/items/10010263655-adidas-running-t-shirt-light-blue-mens-m
8,Nike Trail T-Shirt – Very Good Condition,,8.0,23,,https://www.vinted.co.uk/items/9984460061-nike-trail-t-shirt-very-good-condition
9,Nike Running T Shirt Medium,,5.0,22,,https://www.vinted.co.uk/items/9978283914-nike-running-t-shirt-medium
10,Mens nike running dri-fit t-shirt 🟥,,5.0,21,,https://www.vinted.co.uk/items/9926156141-mens-nike-running-dri-fit-t-shirt
11,Adidas running  gym t-shirt mens,,7.5,21,,https://www.vinted.co.uk/items/9945075593-adidas-running-gym-t-shirt-mens
12,Nike Run T Shirt,,12.0,21,,https://www.vinted.co.uk/items/9173569387-nike-run-t-shirt
13,Nike Running Dri-FIT T-Shirt Men's Grey Pinstripe Geometric Print Sports Top,,18.0,19,,https://www.vinted.co.uk/items/9978567880-nike-running-dri-fit-t-shirt-mens-grey-pinstripe-geometric-print-sports-top
14,Orange Nike,,4.28,19,,https://www.vinted.co.uk/items/9971014059-orange-nike
15,on running graphic logo t shirt,,12.0,19,,https://www.vinted.co.uk/items/9980285209-on-running-graphic-logo-t-shirt
16,"Nike Running Division T-shirt with Backprint, XL.",,10.0,18,,https://www.vinted.co.uk/items/9703502400-nike-running-division-t-shirt-with-backprint-xl
17,Under Armour T-Shirt – Black – Men’s Medium,,17.99,17,,https://www.vinted.co.uk/items/9975785743-under-armour-t-shirt-black-mens-medium
18,On cloud training t shirt size small men’s,,18.0,17,,https://www.vinted.co.uk/items/9972649156-on-cloud-training-t-shirt-size-small-mens
19,Men’s Large Asics Shorts & T-Shirt Set - BNWT,,50.0,16,,https://www.vinted.co.uk/items/9965935169-mens-large-asics-shorts-t-shirt-set-bnwt
20,Puma drycell running sport T-shirt small,,3.0,16,,https://www.vinted.co.uk/items/9846927708-puma-drycell-running-sport-t-shirt-small
21,"Nike Running Dri-FIT T-Shirt, Black, Men's L",,5.0,14,,https://www.vinted.co.uk/items/10001897829-nike-running-dri-fit-t-shirt-black-mens-l
22,Men’s on running train T-shirt,,25.0,13,,https://www.vinted.co.uk/items/10000265026-mens-on-running-train-t-shirt
23,: New Balance Navy Logo T-Shirt – Size S,,10.0,13,,https://www.vinted.co.uk/items/9940908657-new-balance-navy-logo-t-shirt-size-s
24,Sports wear t shirt,,20.0,12,,https://www.vinted.co.uk/items/10013516718-sports-wear-t-shirt
25,On Running Performance-T,,20.0,12,,https://www.vinted.co.uk/items/10003178557-on-running-performance-t
26,Nike Running Dri-FIT Men’s T-Shirt – Black – Size L,,10.0,11,,https://www.vinted.co.uk/items/9900862786-nike-running-dri-fit-mens-t-shirt-black-size-l
27,Running t-shirt,,5.0,10,,https://www.vinted.co.uk/items/10013361844-running-t-shirt
28,montirex mens apex aop tee light blue graphic gym running t shirt size large L,,10.0,10,,https://www.vinted.co.uk/items/10003645401-montirex-mens-apex-aop-tee-light-blue-graphic-gym-running-t-shirt-size-large-l
29,Black Nike running shirt,,4.5,10,,https://www.vinted.co.uk/items/9945204548-black-nike-running-shirt
30,Mizuno running t shirt,,5.0,9,,https://www.vinted.co.uk/items/9986179275-mizuno-running-t-shirt
31,Metissier t-shirt and joggers set,,5.5,9,,https://www.vinted.co.uk/items/8927236426-metissier-t-shirt-and-joggers-set
32,Navy blue Polo Sport Ralph Lauren Performance long sleeve shirt small #running #gym,,21.4,9,,https://www.vinted.co.uk/items/9997849273-navy-blue-polo-sport-ralph-lauren-performance-long-sleeve-shirt-small-running-gym
33,3x quick dry t-shirts,,4.0,9,,https://www.vinted.co.uk/items/10001167801-3x-quick-dry-t-shirts
34,Nike Dri-FIT Y2K Graphic T-Shirt | Retro 00s Nike | Pink & Teal | Abstract Print | Slim Fit,,17.0,9,,https://www.vinted.co.uk/items/10004183483-nike-dri-fit-y2k-graphic-t-shirt-retro-00s-nike-pink-teal-abstract-print-slim-fit
35,Black SYXTH. Graphic T-Shirt,,9.0,9,,https://www.vinted.co.uk/items/10012264025-black-syxth-graphic-t-shirt
36,Nike Dri Fit Strike T-Shirt,,12.0,9,,https://www.vinted.co.uk/items/9890071373-nike-dri-fit-strike-t-shirt
37,Nike rise 365 coral run division men’s tshirt size small,,12.0,8,,https://www.vinted.co.uk/items/9965965706-nike-rise-365-coral-run-division-mens-tshirt-size-small
38,Mens On Running Train T Shirt Green,,25.0,8,,https://www.vinted.co.uk/items/9856495458-mens-on-running-train-t-shirt-green
39,Reserved Men’s Maroon T-Shirt – Size Small – Short Sleeve Basic Tee,,1.5,6,,https://www.vinted.co.uk/items/8640685232-reserved-mens-maroon-t-shirt-size-small-short-sleeve-basic-tee
40,Nike running T-shirt,,3.0,6,,https://www.vinted.co.uk/items/10015431439-nike-running-t-shirt
41,Men’s Nike running Dri fit t shirt size medium,,2.5,6,,https://www.vinted.co.uk/items/9961203609-mens-nike-running-dri-fit-t-shirt-size-medium
42,Nike Dri-Fit ADV Running T-Shirt Short Sleeve Athletic Top | Light Blue | Men’s Large,,16.5,6,,https://www.vinted.co.uk/items/9797539173-nike-dri-fit-adv-running-t-shirt-short-sleeve-athletic-top-light-blue-mens-large
43,Under Armour Men’s Fitted Training T-Shirt – Black/Grey – Small,,3.0,6,,https://www.vinted.co.uk/items/9985611042-under-armour-mens-fitted-training-t-shirt-blackgrey-small
44,Mizuno Running T-shirts,,8.0,6,,https://www.vinted.co.uk/items/10009740960-mizuno-running-t-shirts
45,Nike Dri-FIT Black Gym T-Shirt – Size Small,,9.0,6,,https://www.vinted.co.uk/items/10001087191-nike-dri-fit-black-gym-t-shirt-size-small
46,Nike running T-shirt,,3.0,6,,https://www.vinted.co.uk/items/9885433595-nike-running-t-shirt
47,Men’s Blue Under Armour Gym/Running T Shirt Medium,,3.0,5,,https://www.vinted.co.uk/items/9901489319-mens-blue-under-armour-gymrunning-t-shirt-medium
48,Brooks white running t-shirt,,4.0,5,,https://www.vinted.co.uk/items/10008980119-brooks-white-running-t-shirt
49,Nike men’s running t-shirt large,,12.0,5,,https://www.vinted.co.uk/items/9939228317-nike-mens-running-t-shirt-large
50,Nike running T-shirt,,4.0,5,,https://www.vinted.co.uk/items/10010378241-nike-running-t-shirt
51,Pack of 3 Brand new Athletic T-shirts Large,,5.0,5,,https://www.vinted.co.uk/items/10012582824-pack-of-3-brand-new-athletic-t-shirts-large
52,Under Armour Tech T-Shirt Black Grey Marl M,,12.0,5,,https://www.vinted.co.uk/items/9970776489-under-armour-tech-t-shirt-black-grey-marl-m
53,Pack of 3 Athletic T-shirts size:M,,5.0,5,,https://www.vinted.co.uk/items/10012543239-pack-of-3-athletic-t-shirts-sizem
54,Take Five Mens Compression shirt,,4.5,4,,https://www.vinted.co.uk/items/9991050767-take-five-mens-compression-shirt
55,Nike Dri Fit T Shirt & Shorts Set-Grey,,39.99,4,,https://www.vinted.co.uk/items/9993674189-nike-dri-fit-t-shirt-shorts-set-grey
56,Nike running t-shirt small,,5.0,4,,https://www.vinted.co.uk/items/7882305078-nike-running-t-shirt-small
57,Men’s Nike running t shirt,,6.0,4,,https://www.vinted.co.uk/items/10016161439-mens-nike-running-t-shirt
58,Under armour running T-shirt,,4.0,4,,https://www.vinted.co.uk/items/10014485375-under-armour-running-t-shirt
59,Nike Running T-shirt,,2.99,4,,https://www.vinted.co.uk/items/10009380337-nike-running-t-shirt
60,On Running T-shirts Blue XL,,30.0,4,,https://www.vinted.co.uk/items/10011400719-on-running-t-shirts-blue-xl
61,technicals white black and grey running / activewear t-shirt,,5.0,4,,https://www.vinted.co.uk/items/8420919105-technicals-white-black-and-grey-running-activewear-t-shirt
62,Nike Running Long Sleeve T-Shirt,,10.0,4,,https://www.vinted.co.uk/items/10013561977-nike-running-long-sleeve-t-shirt
63,Gymshark LS stretch fitness top - Medium - Titanium Blue Conditioning Goods Long-Sleeve T-Shirt,,9.99,4,,https://www.vinted.co.uk/items/10015978626-gymshark-ls-stretch-fitness-top-medium-titanium-blue-conditioning-goods-long-sleeve-t-shirt
64,Top Shop / H& M Running Tops Bundle Black & Cream VG Size M,,2.0,4,,https://www.vinted.co.uk/items/8820009400-top-shop-h-m-running-tops-bundle-black-cream-vg-size-m
65,Nike Bromley sports top,,5.0,4,,https://www.vinted.co.uk/items/9216915651-nike-bromley-sports-top
66,Mens Running t shirt,,3.0,3,,https://www.vinted.co.uk/items/7649638436-mens-running-t-shirt
67,montirex mens trail 2.0 tee multicolour space dye running gym t shirt size large L,,10.0,3,,https://www.vinted.co.uk/items/10001782328-montirex-mens-trail-20-tee-multicolour-space-dye-running-gym-t-shirt-size-large-l
68,Uniqlo XL black t shirt,,4.0,3,,https://www.vinted.co.uk/items/9043636524-uniqlo-xl-black-t-shirt
69,The Couture Club T-Shirt – XL,,15.0,3,,https://www.vinted.co.uk/items/9965497405-the-couture-club-t-shirt-xl
70,Nike running t shirt,,2.0,3,,https://www.vinted.co.uk/items/9992377509-nike-running-t-shirt
71,Under Armour Tech T-Shirt Black – Men’s L – New With Tags,,17.0,2,,https://www.vinted.co.uk/items/9982111393-under-armour-tech-t-shirt-black-mens-l-new-with-tags
72,On run t shirt,,10.0,2,,https://www.vinted.co.uk/items/10016718061-on-run-t-shirt
73,Nike Running Free This Short Sleeve Crew Neck T Shirt,,2.5,2,,https://www.vinted.co.uk/items/9212012519-nike-running-free-this-short-sleeve-crew-neck-t-shirt
74,On Running T-shirt Grey Medium,,30.0,2,,https://www.vinted.co.uk/items/10011379327-on-running-t-shirt-grey-medium
75,Montirex men’s tshirt,,15.0,2,,https://www.vinted.co.uk/items/9979274061-montirex-mens-tshirt
76,Nike dri fit T-Shirt #football #running #sports,,8.0,2,,https://www.vinted.co.uk/items/9623600657-nike-dri-fit-t-shirt-football-running-sports
77,Nike Running Dri-FIT T-Shirt Orange Size M,,6.0,2,,https://www.vinted.co.uk/items/10005512460-nike-running-dri-fit-t-shirt-orange-size-m
78,Nike Running Bundle – Pink Dri-Fit T-Shirt (M) + Black Shorts,,35.0,2,,https://www.vinted.co.uk/items/10007978763-nike-running-bundle-pink-dri-fit-t-shirt-m-black-shorts
79,Blue Rock & Run t-shirt,,1.0,2,,https://www.vinted.co.uk/items/7222190006-blue-rock-run-t-shirt
80,Men’s Nike Dri-Fit t-shirt,,5.0,2,,https://www.vinted.co.uk/items/10016563483-mens-nike-dri-fit-t-shirt
81,Adidas running gym top,,2.0,1,,https://www.vinted.co.uk/items/9846030638-adidas-running-gym-top
82,Men’s McKenzie joggers and T-shirt bundle XS,,3.0,1,,https://www.vinted.co.uk/items/9967171951-mens-mckenzie-joggers-and-t-shirt-bundle-xs
83,2 Running T-Shirts - Training Top,,4.0,1,,https://www.vinted.co.uk/items/10013670465-2-running-t-shirts-training-top
84,PUMA Run DryCELL T-Shirt Men's Size S Dark Grey Performance Gym Running Top,,5.0,1,,https://www.vinted.co.uk/items/9979388674-puma-run-drycell-t-shirt-mens-size-s-dark-grey-performance-gym-running-top
85,Nike medium mustard dri fit t shirt,,6.0,1,,https://www.vinted.co.uk/items/10012679878-nike-medium-mustard-dri-fit-t-shirt
86,The Nike tee charcoal grey,,3.0,1,,https://www.vinted.co.uk/items/10016599524-the-nike-tee-charcoal-grey
87,Seamless Stride T-Shirt – Black Men’s Size M,,13.0,1,,https://www.vinted.co.uk/items/10016677099-seamless-stride-t-shirt-black-mens-size-m
88,Nike Run T-shirt,,4.5,,,https://www.vinted.co.uk/items/10016726733-nike-run-t-shirt
89,Under Armour Running T-shirt,,4.0,,,https://www.vinted.co.uk/items/9961981032-under-armour-running-t-shirt
90,Men t-shirts,,5.0,,,https://www.vinted.co.uk/items/9359781504-men-t-shirts
91,Nike Running Grey Printed Excuses Suck Cotton Tee T-shirt Size L,,4.0,,,https://www.vinted.co.uk/items/9807500197-nike-running-grey-printed-excuses-suck-cotton-tee-t-shirt-size-l
92,Men’s Nike running top,,4.0,,,https://www.vinted.co.uk/items/10016114873-mens-nike-running-top
93,Blue Nike Running T-Shirt,,20.0,,,https://www.vinted.co.uk/items/9963064203-blue-nike-running-t-shirt
94,Under Armour Delaware Running Festival 2022 T-Shirt Large Grey 5K,,10.0,,,https://www.vinted.co.uk/items/10003576059-under-armour-delaware-running-festival-2022-t-shirt-large-grey-5k
95,Prè London Logo T-Shirt Black Size M,,1.74,,,https://www.vinted.co.uk/items/10016434528-pre-london-logo-t-shirt-black-size-m
96,Plain beige H&M loose fit t shirt,,3.0,,,https://www.vinted.co.uk/items/10013442594-plain-beige-hm-loose-fit-t-shirt
